13;149.93;0
16;125.2;0
13;146.33;1
16;121.6;1
12;147.6;1
15;40.67;2
14;68.57;2
12;145.8;2
13;138.77;2
15;37.07;3
14;64.43;3
13;135.17;3
12;144.0;3
12;142.2;4
14;45.17;4
13;131.6;4
14;38.23;5
13;128.0;5
14;34.88;6
8;124.0;6
11;112.1;6
13;110.53;6
8;120.33;7
7;122.13;7
14;23.9;7
11;108.5;7
13;106.93;7
8;107.67;8
7;121.07;8
13;92.17;8
14;23.3;8
12;105.6;8
14;22.83;9
12;102.0;9
7;118.47;9
13;92.1;9
9;97.77;10
7;117.4;10
12;94.1;10
13;60.17;10
12;90.5;11
7;105.63;11
9;94.43;11
11;91.4;11
8;96.33;11
13;56.07;11
8;96.17;12
7;104.93;12
12;85.6;12
11;91.0;12
13;52.6;12
13;48.5;13
8;92.83;13
11;87.73;13
7;95.83;13
12;85.6;13
6;104.83;13
11;87.4;14
13;39.53;14
6;101.83;14
12;85.5;14
8;92.67;14
13;39.53;15
8;86.23;15
6;101.33;15
7;92.6;15
12;83.1;15
9;86.23;15
6;98.33;16
13;29.67;16
8;85.57;16
12;83.0;16
7;92.6;16
12;82.0;17
8;83.93;17
9;82.9;17
13;29.6;17
11;82.27;17
5;98.2;17
7;92.33;17
5;94.87;18
8;82.9;18
7;90.37;18
12;81.9;18
13;25.8;18
12;78.57;19
8;82.3;19
11;81.83;19
13;25.6;19
7;90.33;19
8;82.23;20
13;24.27;20
12;75.67;20
7;89.77;20
11;81.83;20
8;80.27;21
13;22.2;21
11;78.67;21
12;72.07;21
10;79.33;21
6;87.9;21
7;86.83;21
13;22.0;22
7;86.7;22
8;78.63;22
12;50.0;22
11;77.43;22
13;20.67;23
7;86.27;23
12;47.53;23
11;77.17;23
11;68.5;24
12;43.0;24
10;75.83;24
13;19.43;24
7;85.87;24
8;70.73;25
12;40.53;25
11;68.17;25
7;84.87;25
13;16.6;25
6;85.0;25
13;13.0;26
8;69.2;26
11;67.67;26
9;68.13;26
7;84.1;26
12;37.57;26
6;84.43;26
10;68.0;26
10;65.0;27
7;82.37;27
11;64.83;27
9;68.0;27
6;84.4;27
12;35.6;27
8;68.97;27
7;82.33;28
9;66.5;28
8;68.97;28
10;64.5;28
11;63.8;28
12;35.1;28
6;83.4;28
12;33.6;29
7;81.37;29
9;66.33;29
10;62.2;29
6;83.0;29
8;67.7;29
11;60.73;29
10;61.2;30
11;60.2;30
6;82.7;30
9;64.88;30
8;65.5;30
7;80.6;30
12;33.1;30
10;59.13;31
6;81.5;31
9;63.17;31
7;79.63;31
8;64.9;31
11;58.47;31
12;32.6;31
5;81.53;31
7;79.63;32
11;58.23;32
12;32.33;32
9;62.17;32
6;81.1;32
12;32.0;33
11;57.83;33
6;80.07;33
9;59.83;33
5;81.1;33
7;78.67;33
8;61.83;33
11;57.13;34
7;78.07;34
12;31.5;34
9;58.83;34
6;79.5;34
8;61.23;34
8;60.42;35
6;79.45;35
11;53.47;35
10;55.83;35
7;76.7;35
9;58.57;35
12;30.83;35
9;55.23;36
11;53.47;36
8;57.97;36
7;73.2;36
6;79.4;36
12;30.6;36
10;52.78;37
6;77.73;37
7;73.0;37
8;56.87;37
5;78.2;37
11;51.6;37
12;30.4;37
5;77.85;38
7;72.17;38
6;76.07;38
9;52.7;38
12;29.55;38
8;56.87;38
11;51.5;38
5;76.13;39
6;75.83;39
9;52.23;39
8;55.6;39
12;29.4;39
11;51.27;39
7;71.6;39
12;29.0;40
7;71.3;40
6;75.57;40
8;55.6;40
11;50.13;40
11;48.17;41
6;74.4;41
9;49.53;41
12;28.73;41
8;54.17;41
7;71.13;41
8;54.08;42
11;47.67;42
7;69.33;42
12;28.23;42
5;74.0;42
6;71.9;42
5;72.97;43
8;53.73;43
9;47.4;43
10;47.07;43
12;27.67;43
7;68.93;43
11;46.42;43
11;46.2;44
9;47.4;44
8;51.78;44
5;72.8;44
7;68.93;44
12;27.27;44
12;26.5;45
10;46.03;45
5;71.8;45
7;68.5;45
8;50.07;45
11;45.1;45
9;47.33;45
8;49.9;46
5;70.67;46
9;46.3;46
7;68.1;46
12;25.83;46
11;44.73;46
9;45.83;47
11;44.58;47
5;70.6;47
7;67.13;47
6;67.6;47
12;25.35;47
8;48.73;47
11;43.9;48
5;69.72;48
8;47.33;48
7;67.13;48
9;45.83;48
12;25.27;48
5;68.55;49
9;45.23;49
11;43.37;49
10;43.67;49
7;66.97;49
12;25.1;49
8;47.3;49
9;43.83;50
5;68.0;50
12;23.67;50
11;40.57;50
10;43.23;50
7;65.8;50
6;66.9;50
8;46.9;50
5;66.83;51
11;39.62;51
9;43.47;51
8;46.7;51
7;65.23;51
10;42.8;51
6;66.5;51
12;23.5;51
7;64.8;52
8;46.07;52
11;35.9;52
10;42.77;52
12;23.17;52
5;65.8;52
6;65.8;52
10;41.83;53
7;64.8;53
12;22.93;53
8;45.4;53
6;65.73;53
11;35.78;53
12;22.8;54
7;61.23;54
10;41.83;54
8;45.15;54
11;34.93;54
6;65.67;54
8;44.1;55
7;60.9;55
11;34.5;55
9;41.15;55
10;40.43;55
12;22.27;55
6;65.4;55
10;40.13;56
6;64.97;56
8;43.73;56
7;58.4;56
11;31.93;56
12;21.95;56
12;21.88;57
6;64.8;57
8;43.27;57
7;55.0;57
11;31.87;57
10;39.8;57
8;43.25;58
5;64.67;58
11;31.68;58
10;39.57;58
12;21.67;58
6;63.5;58
7;54.17;58
12;21.5;59
11;31.6;59
5;63.5;59
7;54.17;59
10;39.4;59
6;63.23;59
8;42.67;59
11;31.4;60
7;53.9;60
10;39.17;60
8;42.6;60
12;21.4;60
6;63.03;60
5;63.33;60
10;37.93;61
9;38.5;61
12;21.0;61
6;63.0;61
7;53.77;61
8;42.53;61
5;63.33;61
11;31.4;61
10;36.45;62
11;31.33;62
7;53.23;62
6;62.55;62
9;37.95;62
8;42.4;62
12;20.27;62
10;35.72;63
12;19.8;63
8;42.07;63
7;52.8;63
9;37.18;63
6;62.33;63
11;31.3;63
6;60.83;64
12;19.67;64
9;36.57;64
10;34.83;64
11;30.72;64
8;41.6;64
5;62.3;64
7;52.8;64
8;41.07;65
7;51.7;65
9;35.7;65
5;61.9;65
12;19.1;65
10;34.27;65
11;30.57;65
6;59.87;65
8;41.02;66
6;59.83;66
11;30.4;66
7;51.3;66
9;34.67;66
10;34.13;66
12;16.6;66
5;61.73;66
8;40.88;67
7;51.3;67
9;34.3;67
5;59.47;67
10;33.2;67
12;14.83;67
11;29.83;67
4;60.1;67
6;59.27;67
8;40.85;68
6;58.13;68
7;51.17;68
12;14.3;68
9;33.73;68
11;29.1;68
10;33.1;68
8;40.58;69
12;13.0;69
11;29.05;69
10;31.2;69
7;51.17;69
9;33.57;69
5;57.67;69
6;57.5;69
12;9.83;70
8;40.52;70
10;31.17;70
6;56.2;70
7;50.83;70
9;32.33;70
11;28.93;70
5;57.0;70
8;40.13;71
10;30.67;71
6;55.97;71
7;50.57;71
12;7.3;71
9;31.73;71
11;28.77;71
5;56.27;71
4;56.77;71
9;31.25;72
8;39.63;72
7;50.43;72
6;55.77;72
12;6.7;72
11;28.43;72
10;29.93;72
9;31.05;73
8;39.33;73
7;50.4;73
11;28.33;73
10;29.5;73
6;55.73;73
8;39.12;74
10;28.8;74
11;28.27;74
7;49.9;74
6;54.63;74
9;30.83;74
5;55.3;74
8;38.7;75
10;28.3;75
11;27.8;75
9;30.8;75
6;53.03;75
5;55.17;75
7;49.77;75
8;38.63;76
7;49.6;76
11;27.7;76
5;54.9;76
6;52.8;76
9;30.4;76
7;49.6;77
9;30.23;77
6;52.28;77
8;38.2;77
5;54.47;77
11;27.6;77
8;37.73;78
11;27.33;78
9;30.0;78
7;48.8;78
6;52.17;78
5;54.2;78
9;29.05;79
5;54.17;79
6;51.38;79
10;27.0;79
11;26.6;79
7;48.7;79
8;37.33;79
9;29.0;80
7;48.47;80
8;36.63;80
11;26.1;80
10;26.6;80
5;54.12;80
6;50.77;80
9;28.67;81
11;25.8;81
5;53.93;81
8;36.57;81
6;50.12;81
7;48.3;81
10;25.93;81
11;25.6;82
10;25.67;82
6;49.67;82
7;47.83;82
5;53.5;82
8;36.5;82
9;28.67;82
11;25.55;83
5;52.77;83
7;47.63;83
8;36.2;83
9;28.37;83
6;49.28;83
8;35.3;84
7;47.17;84
9;28.0;84
11;25.53;84
6;49.17;84
4;52.5;84
5;51.8;84
8;35.17;85
5;51.67;85
9;27.6;85
7;47.0;85
6;49.07;85
11;24.93;85
10;25.27;85
4;51.7;85
8;34.8;86
9;27.0;86
10;25.17;86
6;48.83;86
11;24.9;86
7;46.6;86
5;51.5;86
6;48.62;87
4;51.47;87
7;46.43;87
5;51.4;87
9;26.17;87
11;24.87;87
8;34.67;87
7;46.05;88
8;34.35;88
6;48.5;88
9;26.0;88
11;24.47;88
5;51.3;88
10;24.87;88
8;33.83;89
7;45.72;89
6;48.27;89
9;25.67;89
11;24.27;89
10;24.6;89
5;51.23;89
10;24.4;90
8;33.53;90
9;25.67;90
6;48.13;90
7;45.63;90
5;50.87;90
11;24.2;90
4;51.03;90
7;45.05;91
8;33.52;91
6;47.83;91
9;25.2;91
5;50.83;91
11;23.92;91
9;25.0;92
7;44.53;92
5;50.8;92
6;47.83;92
11;23.8;92
8;33.5;92
9;24.27;93
7;44.5;93
8;33.3;93
11;23.0;93
10;23.33;93
6;47.67;93
5;50.7;93
10;23.33;94
9;24.27;94
11;22.88;94
5;50.32;94
8;33.0;94
7;44.48;94
6;47.5;94
11;22.83;95
8;32.3;95
7;43.83;95
5;49.67;95
6;47.33;95
9;23.77;95
8;32.28;96
5;47.93;96
9;23.23;96
7;43.1;96
6;46.78;96
11;22.8;96
4;49.62;96
9;22.67;97
8;32.17;97
4;49.2;97
7;43.02;97
6;46.7;97
5;47.57;97
11;22.6;97
4;49.17;98
11;22.5;98
8;31.43;98
5;47.42;98
6;46.37;98
7;42.9;98
8;31.38;99
7;42.82;99
10;22.33;99
5;47.33;99
9;22.5;99
6;46.33;99
4;48.37;99
11;22.07;99
9;22.47;100
11;22.0;100
4;47.83;100
7;42.63;100
8;31.12;100
5;47.28;100
6;46.3;100
9;21.88;101
7;42.48;101
4;47.7;101
5;47.13;101
8;30.97;101
6;46.3;101
11;21.77;101
5;47.03;102
9;21.77;102
8;30.6;102
7;42.37;102
11;21.7;102
6;46.2;102
7;42.03;103
8;30.43;103
11;21.5;103
5;46.88;103
6;46.08;103
10;21.67;103
8;30.3;104
9;21.67;104
6;45.83;104
11;21.33;104
5;46.6;104
7;42.0;104
7;41.88;105
9;21.57;105
11;21.22;105
8;29.73;105
6;45.83;105
5;45.97;105
11;20.67;106
7;41.82;106
10;21.0;106
9;21.5;106
8;29.6;106
6;45.67;106
5;45.72;106
11;20.6;107
9;21.4;107
8;29.53;107
6;45.42;107
7;41.67;107
4;45.67;107
8;29.47;108
10;20.6;108
7;41.57;108
4;45.55;108
6;45.37;108
11;20.1;108
9;21.27;108
6;45.27;109
10;20.33;109
8;29.43;109
11;19.77;109
7;41.57;109
5;45.1;110
7;41.47;110
8;29.4;110
9;20.22;110
11;19.6;110
6;44.8;110
10;20.1;110
8;29.38;111
7;41.43;111
10;20.0;111
4;45.0;111
11;19.43;111
9;20.07;111
6;44.77;111
5;44.63;112
8;29.07;112
7;41.4;112
6;44.53;112
11;19.27;112
10;19.6;112
8;29.07;113
9;19.47;113
11;18.5;113
10;19.33;113
6;44.33;113
5;44.5;113
7;41.33;113
8;29.05;114
9;19.47;114
7;41.17;114
6;44.25;114
11;17.97;114
5;44.25;114
10;19.1;114
6;44.23;115
10;18.83;115
7;40.17;115
8;28.83;115
11;16.6;115
8;28.8;116
7;39.9;116
11;16.5;116
6;44.17;116
10;18.7;116
8;28.78;117
9;18.68;117
7;39.7;117
11;16.33;117
10;18.53;117
6;44.1;117
5;44.17;117
8;28.07;118
9;18.67;118
5;44.08;118
7;39.63;118
10;18.33;118
11;16.0;118
6;44.07;118
8;28.0;119
7;39.55;119
10;18.0;119
9;18.6;119
11;15.83;119
6;44.07;119
8;27.72;120
9;18.5;120
6;44.0;120
7;39.48;120
10;17.93;120
11;14.77;120
5;44.03;120
8;27.62;121
9;18.43;121
6;44.0;121
7;39.33;121
11;14.27;121
10;17.6;121
11;13.5;122
10;17.47;122
8;27.05;122
7;39.05;122
9;18.43;122
6;43.97;122
5;44.0;122
10;16.67;123
7;38.98;123
9;18.4;123
11;13.0;123
6;43.83;123
8;26.93;123
7;38.9;124
11;10.97;124
5;43.83;124
9;18.23;124
8;26.83;124
10;16.6;124
6;43.33;124
8;26.83;125
7;38.72;125
11;10.37;125
9;18.0;125
10;16.55;125
5;43.5;125
6;43.2;125
4;43.7;125
4;43.63;126
7;38.67;126
5;43.43;126
9;17.4;126
8;26.4;126
11;2.83;126
10;16.4;126
6;42.85;126
7;38.53;127
11;0.0;127
9;17.33;127
6;42.62;127
5;43.38;127
10;16.17;127
8;26.27;127
4;43.6;127
8;25.92;128
9;17.17;128
7;38.5;128
6;42.53;128
10;13.6;128
4;43.3;128
9;17.0;129
10;13.5;129
6;42.5;129
7;38.3;129
4;43.22;129
8;25.8;129
10;13.0;130
9;15.3;130
5;42.33;130
4;43.1;130
7;38.27;130
8;25.73;130
6;42.27;130
9;14.57;131
8;25.33;131
6;41.87;131
4;43.08;131
7;38.17;131
5;42.33;131
10;11.63;131
9;14.5;132
10;10.67;132
4;43.0;132
8;25.17;132
6;41.78;132
5;42.13;132
7;38.13;132
4;42.97;133
6;41.67;133
8;25.07;133
7;38.0;133
9;14.17;133
10;10.5;133
5;41.97;133
8;25.05;134
5;41.6;134
10;9.93;134
7;38.0;134
9;14.07;134
6;41.57;134
4;42.7;134
10;9.8;135
7;37.8;135
6;41.47;135
4;42.62;135
9;13.97;135
8;24.83;135
5;41.58;135
8;24.7;136
6;41.35;136
7;37.77;136
9;13.6;136
4;42.5;136
10;9.23;136
7;37.03;137
6;41.33;137
9;13.6;137
10;8.75;137
8;24.53;137
4;42.5;137
9;13.47;138
6;41.17;138
4;42.17;138
8;24.5;138
10;6.8;138
5;41.33;138
7;36.9;138
7;36.8;139
6;41.0;139
5;41.33;139
10;6.67;139
9;13.45;139
8;24.43;139
7;36.7;140
5;41.22;140
8;24.42;140
9;13.37;140
10;6.57;140
6;40.63;140
7;36.68;141
10;6.5;141
8;24.27;141
5;41.22;141
9;13.03;141
6;40.57;141
9;12.9;142
6;40.5;142
8;24.07;142
7;36.67;142
5;41.17;142
10;5.83;142
9;12.67;143
7;36.58;143
5;40.97;143
6;40.5;143
10;5.8;143
8;23.67;143
8;23.5;144
5;40.9;144
9;12.67;144
6;40.47;144
10;5.67;144
7;36.3;144
9;12.6;145
7;36.3;145
5;40.85;145
6;40.33;145
10;5.35;145
8;23.38;145
10;3.67;146
7;36.17;146
8;23.37;146
5;40.73;146
9;12.53;146
6;40.15;146
4;40.83;146
8;23.3;147
5;40.67;147
9;12.42;147
7;36.07;147
4;40.73;147
10;2.5;147
6;40.0;147
3;40.83;147
7;36.05;148
10;0.0;148
9;11.67;148
6;39.95;148
8;23.23;148
5;40.63;148
5;40.57;149
7;36.0;149
9;11.47;149
6;39.87;149
8;23.23;149
6;39.83;150
7;35.63;150
9;11.23;150
8;22.87;150
5;40.5;150
8;22.83;151
5;40.48;151
6;39.67;151
9;10.97;151
7;35.32;151
5;40.13;152
9;10.57;152
4;40.45;152
8;22.77;152
7;35.18;152
6;39.55;152
7;34.68;153
4;40.38;153
9;10.47;153
8;22.67;153
6;39.4;153
5;39.67;153
6;39.27;154
7;34.62;154
5;39.62;154
9;10.37;154
8;22.57;154
4;40.33;154
7;34.43;155
9;10.33;155
8;22.5;155
5;39.47;155
6;39.2;155
4;40.33;155
7;33.77;156
4;40.1;156
5;39.33;156
8;22.35;156
9;10.33;156
6;39.02;156
4;40.05;157
7;33.57;157
8;22.27;157
9;10.25;157
5;39.23;157
6;38.73;157
8;22.17;158
9;10.23;158
4;39.72;158
5;39.18;158
7;33.5;158
6;38.53;158
7;33.38;159
8;22.07;159
9;9.88;159
4;39.33;159
5;39.05;159
6;38.5;159
9;9.83;160
6;38.4;160
4;39.3;160
8;22.0;160
5;38.92;160
7;33.33;160
6;38.27;161
8;21.9;161
9;9.5;161
5;38.8;161
7;33.33;161
4;39.28;161
6;38.23;162
8;21.88;162
9;9.47;162
7;33.25;162
5;38.67;162
4;39.1;162
9;9.33;163
4;38.73;163
7;33.17;163
8;21.73;163
5;38.43;163
6;38.2;163
9;9.17;164
4;38.67;164
7;33.1;164
8;21.7;164
5;38.33;164
6;38.18;164
7;33.07;165
8;21.57;165
9;9.13;165
4;38.38;165
6;38.17;165
8;21.47;166
7;32.97;166
9;9.02;166
6;38.0;166
4;38.33;166
5;38.17;166
6;37.85;167
4;38.33;167
8;21.45;167
7;32.82;167
9;9.0;167
4;38.0;168
8;21.37;168
6;37.8;168
7;32.73;168
9;8.67;168
6;37.7;169
8;21.3;169
7;32.68;169
9;8.3;169
8;21.23;170
9;8.27;170
6;37.67;170
7;32.67;170
5;37.7;170
6;37.5;171
8;21.2;171
9;8.22;171
7;32.57;171
5;37.68;171
8;21.17;172
9;7.33;172
7;32.57;172
5;37.67;172
6;37.5;172
7;32.5;173
9;7.3;173
6;37.33;173
8;21.07;173
5;37.65;173
5;37.6;174
7;32.3;174
8;20.9;174
6;37.23;174
9;7.17;174
6;37.13;175
9;6.83;175
7;32.27;175
8;20.83;175
4;37.6;175
5;37.53;175
6;36.88;176
9;6.7;176
7;32.13;176
5;37.47;176
4;37.53;176
8;20.73;176
5;37.42;177
7;31.97;177
9;6.43;177
6;36.75;177
8;20.67;177
3;37.5;177
7;31.93;178
9;6.3;178
5;37.33;178
8;20.5;178
6;36.27;178
7;31.93;179
5;37.23;179
8;20.47;179
4;37.33;179
9;6.2;179
6;36.23;179
7;31.83;180
9;6.17;180
3;37.17;180
8;20.33;180
5;37.13;180
6;36.03;180
8;20.23;181
7;31.8;181
5;37.1;181
9;6.0;181
6;35.93;181
8;20.17;182
5;37.07;182
7;31.73;182
6;35.93;182
9;5.47;182
8;20.13;183
7;31.73;183
5;37.05;183
9;5.17;183
6;35.82;183
5;37.03;184
7;31.72;184
8;20.03;184
9;5.1;184
6;35.63;184
5;36.9;185
8;20.0;185
7;31.7;185
6;35.6;185
9;4.9;185
4;37.03;185
9;3.67;186
7;31.47;186
4;37.03;186
8;19.98;186
5;36.9;186
6;35.52;186
7;31.18;187
5;36.83;187
8;19.97;187
9;3.5;187
4;37.02;187
6;35.5;187
8;19.93;188
5;36.8;188
4;37.0;188
9;3.33;188
7;31.07;188
6;35.47;188
4;36.87;189
5;36.75;189
8;19.9;189
6;35.4;189
7;31.0;189
9;3.17;189
8;19.67;190
6;35.4;190
7;30.83;190
9;3.0;190
4;36.83;190
5;36.7;190
7;30.78;191
8;19.67;191
4;36.75;191
5;36.67;191
9;2.83;191
6;35.37;191
4;36.73;192
6;35.33;192
8;19.17;192
5;36.65;192
7;30.67;192
9;2.67;192
5;36.53;193
7;30.57;193
8;18.83;193
4;36.58;193
9;2.5;193
3;36.67;193
6;35.33;193
9;0.0;194
6;35.1;194
7;30.55;194
5;36.43;194
4;36.57;194
8;18.57;194
8;18.47;195
7;30.3;195
4;36.57;195
5;36.33;195
6;35.03;195
5;36.13;196
7;30.28;196
8;18.43;196
4;36.37;196
6;35.0;196
6;34.93;197
7;30.23;197
8;18.33;197
5;36.08;197
4;36.23;197
6;34.67;198
5;36.03;198
8;18.23;198
7;30.2;198
4;36.2;198
7;30.18;199
5;36.0;199
6;34.65;199
8;18.03;199
8;18.03;200
5;35.93;200
7;30.1;200
6;34.62;200
8;18.0;201
7;30.0;201
6;34.57;201
5;35.77;201
5;35.75;202
6;34.57;202
7;29.83;202
8;17.9;202
7;29.67;203
8;17.8;203
5;35.63;203
6;34.5;203
5;35.5;204
6;34.25;204
4;35.53;204
8;17.77;204
7;29.6;204
5;35.27;205
8;17.73;205
6;34.07;205
3;35.5;205
7;29.5;205
4;35.4;205
7;29.5;206
5;35.27;206
4;35.33;206
8;17.65;206
6;33.93;206
4;35.23;207
7;29.48;207
5;35.2;207
8;17.57;207
6;33.73;207
8;17.53;208
6;33.7;208
7;29.47;208
5;35.2;208
8;17.33;209
5;35.07;209
7;29.25;209
6;33.5;209
6;33.43;210
7;29.1;210
5;35.03;210
8;17.27;210
7;28.88;211
4;35.03;211
8;17.03;211
6;33.27;211
5;35.0;211
7;28.87;212
8;17.0;212
4;35.0;212
6;33.17;212
5;34.87;212
6;33.1;213
8;16.97;213
7;28.83;213
5;34.8;213
5;34.75;214
7;28.83;214
8;16.9;214
6;33.02;214
8;16.8;215
7;28.57;215
6;32.93;215
5;34.73;215
8;16.73;216
4;34.67;216
7;28.53;216
6;32.77;216
5;34.6;216
5;34.47;217
4;34.5;217
8;16.67;217
7;28.52;217
6;32.7;217
5;34.4;218
7;28.33;218
4;34.48;218
8;16.58;218
6;32.67;218
8;16.27;219
5;34.33;219
6;32.62;219
4;34.43;219
7;28.33;219
7;28.25;220
4;34.42;220
8;16.27;220
6;32.57;220
5;34.33;220
5;34.23;221
6;32.43;221
7;28.17;221
8;16.25;221
4;34.23;222
8;16.2;222
7;28.17;222
6;32.43;222
5;34.17;222
5;34.13;223
6;32.28;223
7;28.0;223
4;34.18;223
8;16.0;223
8;15.67;224
6;32.27;224
7;27.88;224
5;34.07;224
8;15.63;225
6;32.23;225
5;34.03;225
7;27.65;225
8;15.53;226
5;33.83;226
6;32.17;226
7;27.6;226
6;32.17;227
7;27.57;227
8;15.47;227
5;33.8;227
7;27.5;228
5;33.57;228
6;32.0;228
8;15.13;228
4;33.6;228
7;27.47;229
5;33.48;229
4;33.57;229
6;31.9;229
8;15.0;229
7;27.35;230
5;33.4;230
8;14.9;230
6;31.78;230
7;27.33;231
5;33.35;231
8;14.87;231
6;31.73;231
8;14.85;232
5;33.33;232
6;31.7;232
7;27.27;232
4;33.27;233
8;14.83;233
5;33.25;233
7;27.23;233
6;31.57;233
3;33.33;233
7;27.17;234
5;33.23;234
8;14.83;234
6;31.37;234
7;27.13;235
8;14.57;235
5;33.2;235
6;31.33;235
5;33.17;236
6;31.3;236
8;14.5;236
7;27.1;236
4;33.17;237
5;33.13;237
8;14.47;237
7;26.97;237
6;31.25;237
6;31.17;238
5;33.07;238
8;14.4;238
7;26.9;238
4;33.17;238
6;31.13;239
7;26.83;239
8;14.33;239
5;33.0;239
4;33.07;239
7;26.78;240
6;31.07;240
8;14.3;240
4;33.0;240
5;32.97;240
7;26.7;241
8;13.97;241
4;32.98;241
6;31.07;241
5;32.7;241
5;32.68;242
7;26.67;242
4;32.83;242
8;13.97;242
6;31.03;242
6;31.0;243
7;26.62;243
8;13.87;243
5;32.68;243
4;32.8;243
5;32.62;244
7;26.62;244
4;32.7;244
6;30.93;244
8;13.7;244
8;13.55;245
4;32.68;245
7;26.57;245
5;32.58;245
6;30.87;245
7;26.5;246
4;32.67;246
8;13.5;246
5;32.57;246
6;30.83;246
8;13.5;247
4;32.62;247
6;30.77;247
3;32.63;247
7;26.5;247
5;32.48;247
8;13.5;248
7;26.33;248
4;32.57;248
6;30.75;248
5;32.47;248
5;32.4;249
6;30.73;249
4;32.52;249
8;13.37;249
7;26.33;249
6;30.67;250
5;32.38;250
7;26.03;250
8;13.17;250
4;32.5;250
8;13.0;251
4;32.47;251
6;30.58;251
7;26.0;251
5;32.3;251
5;32.27;252
3;32.38;252
8;12.97;252
4;32.33;252
7;25.9;252
6;30.57;252
5;32.25;253
6;30.57;253
7;25.83;253
8;12.9;253
6;30.55;254
8;12.9;254
7;25.77;254
5;32.23;254
7;25.6;255
8;12.87;255
6;30.53;255
5;32.23;255
6;30.52;256
4;32.2;256
5;32.2;256
7;25.6;256
8;12.67;256
5;32.07;257
8;12.67;257
7;25.52;257
4;32.17;257
6;30.5;257
5;32.07;258
7;25.5;258
3;32.08;258
6;30.3;258
8;12.63;258
7;25.5;259
8;12.5;259
6;30.07;259
5;32.0;259
6;29.98;260
8;12.13;260
3;32.0;260
5;31.9;260
7;25.47;260
7;25.43;261
5;31.87;261
8;12.03;261
6;29.93;261
8;11.97;262
7;25.43;262
6;29.83;262
5;31.87;262
8;11.93;263
7;25.4;263
6;29.83;263
5;31.85;263
5;31.8;264
8;11.88;264
7;25.4;264
6;29.73;264
5;31.78;265
7;25.33;265
6;29.67;265
8;11.87;265
5;31.73;266
7;25.23;266
6;29.62;266
8;11.23;266
8;11.17;267
7;25.17;267
5;31.7;267
6;29.4;267
7;25.13;268
8;11.0;268
6;29.35;268
3;31.68;268
4;31.67;268
5;31.62;268
5;31.6;269
6;29.23;269
7;25.0;269
8;10.8;269
5;31.57;270
8;10.67;270
7;24.97;270
6;29.08;270
4;31.53;271
8;10.47;271
7;24.97;271
6;29.0;271
5;31.37;271
6;29.0;272
7;24.93;272
8;10.2;272
4;31.53;272
5;31.35;272
4;31.45;273
8;10.12;273
7;24.9;273
6;28.9;273
5;31.33;273
4;31.45;274
8;10.1;274
7;24.83;274
6;28.9;274
5;31.28;274
4;31.4;275
8;10.03;275
5;31.2;275
6;28.75;275
7;24.77;275
8;10.0;276
4;31.33;276
5;31.17;276
6;28.67;276
7;24.77;276
7;24.72;277
8;9.97;277
6;28.67;277
5;31.0;277
6;28.5;278
8;9.87;278
5;30.93;278
7;24.68;278
4;30.95;278
8;9.83;279
6;28.38;279
7;24.57;279
5;30.87;279
5;30.83;280
7;24.55;280
6;28.3;280
8;9.67;280
6;28.25;281
8;9.67;281
5;30.83;281
7;24.45;281
7;24.4;282
5;30.67;282
8;9.5;282
6;28.18;282
4;30.8;282
8;9.13;283
6;28.17;283
4;30.8;283
5;30.62;283
7;24.33;283
6;28.17;284
4;30.62;284
8;9.0;284
7;24.3;284
5;30.58;284
5;30.57;285
8;8.83;285
4;30.6;285
7;24.23;285
6;28.13;285
5;30.55;286
8;8.77;286
7;24.23;286
6;28.03;286
7;24.22;287
8;8.57;287
4;30.53;287
5;30.5;287
6;28.0;287
4;30.47;288
6;27.88;288
5;30.4;288
8;8.47;288
7;24.2;288
5;30.35;289
8;8.4;289
7;24.17;289
4;30.43;289
6;27.78;289
4;30.37;290
6;27.77;290
8;7.33;290
5;30.33;290
7;24.13;290
8;7.3;291
5;30.32;291
6;27.6;291
7;24.03;291
7;23.97;292
5;30.27;292
8;7.17;292
6;27.55;292
6;27.53;293
4;30.27;293
7;23.77;293
5;30.25;293
8;7.0;293
6;27.5;294
4;30.27;294
5;30.23;294
8;6.92;294
7;23.72;294
5;30.2;295
4;30.22;295
6;27.42;295
7;23.67;295
8;6.87;295
6;27.38;296
8;6.83;296
7;23.63;296
5;30.17;296
8;6.83;297
7;23.57;297
4;30.17;297
5;30.07;297
6;27.33;297
7;23.47;298
4;30.13;298
8;6.7;298
6;27.27;298
5;30.05;298
5;30.03;299
8;6.67;299
7;23.37;299
6;27.27;299
5;29.87;300
8;6.67;300
6;27.23;300
7;23.27;300
6;27.07;301
8;6.5;301
5;29.83;301
4;29.87;301
7;23.25;301
6;27.07;302
8;6.33;302
7;23.0;302
5;29.83;302
4;29.85;302
7;23.0;303
8;6.3;303
5;29.82;303
6;27.03;303
6;27.0;304
5;29.78;304
8;6.0;304
4;29.8;304
7;22.93;304
4;29.78;305
5;29.77;305
7;22.93;305
6;27.0;305
8;5.7;305
5;29.73;306
8;3.67;306
7;22.78;306
6;26.95;306
5;29.73;307
7;22.57;307
8;3.17;307
6;26.92;307
7;22.27;308
5;29.67;308
8;3.0;308
6;26.83;308
8;2.83;309
6;26.8;309
4;29.67;309
7;22.08;309
5;29.62;309
5;29.6;310
6;26.73;310
7;22.03;310
8;2.67;310
5;29.5;311
7;21.93;311
4;29.6;311
6;26.67;311
8;2.5;311
4;29.58;312
8;0.0;312
5;29.42;312
7;21.9;312
6;26.43;312
7;21.88;313
6;26.38;313
5;29.4;313
4;29.5;313
5;29.37;314
4;29.47;314
7;21.83;314
6;26.23;314
7;21.77;315
6;26.17;315
4;29.4;315
5;29.27;315
7;21.6;316
6;26.1;316
5;29.27;316
5;29.2;317
7;21.57;317
6;25.93;317
7;21.33;318
4;29.2;318
5;29.17;318
6;25.9;318
7;21.23;319
6;25.85;319
5;29.17;319
7;21.17;320
4;29.17;320
5;29.1;320
6;25.77;320
7;21.02;321
5;29.08;321
4;29.13;321
6;25.75;321
6;25.67;322
5;29.03;322
7;21.0;322
7;20.97;323
5;29.02;323
6;25.67;323
7;20.93;324
6;25.57;324
5;29.0;324
7;20.63;325
5;29.0;325
6;25.5;325
4;29.0;325
7;20.63;326
6;25.43;326
3;29.0;326
5;28.93;326
6;25.33;327
7;20.6;327
5;28.9;327
4;28.92;327
5;28.85;328
4;28.9;328
7;20.57;328
6;25.3;328
7;20.5;329
5;28.8;329
6;25.25;329
7;20.5;330
6;25.17;330
5;28.78;330
5;28.78;331
7;20.43;331
6;25.15;331
6;25.03;332
5;28.77;332
7;20.43;332
7;20.33;333
6;25.0;333
5;28.77;333
6;24.87;334
7;20.23;334
5;28.72;334
7;20.17;335
6;24.83;335
5;28.67;335
6;24.8;336
7;20.13;336
5;28.67;336
3;28.67;337
6;24.8;337
5;28.65;337
7;20.1;337
6;24.77;338
5;28.6;338
7;20.08;338
4;28.63;338
6;24.67;339
7;19.87;339
4;28.58;339
5;28.57;339
5;28.5;340
4;28.55;340
7;19.87;340
6;24.67;340
6;24.6;341
5;28.47;341
4;28.53;341
7;19.83;341
7;19.78;342
4;28.43;342
6;24.57;342
5;28.4;342
4;28.4;343
6;24.55;343
5;28.4;343
7;19.73;343
5;28.27;344
7;19.73;344
4;28.37;344
6;24.5;344
4;28.35;345
7;19.67;345
6;24.47;345
5;28.22;345
5;28.17;346
7;19.67;346
6;24.43;346
4;28.27;346
6;24.4;347
5;28.13;347
7;19.63;347
4;28.23;347
5;28.1;348
6;24.35;348
7;19.53;348
4;28.22;348
5;28.07;349
6;24.33;349
4;28.2;349
7;19.5;349
6;24.33;350
4;28.18;350
7;19.5;350
5;28.05;350
7;19.47;351
5;28.0;351
4;28.07;351
6;24.3;351
3;28.17;351
7;19.47;352
6;24.27;352
4;28.0;352
5;27.92;352
7;19.43;353
6;24.27;353
3;28.0;353
4;27.95;353
5;27.9;353
6;24.17;354
7;19.4;354
5;27.85;354
4;27.87;354
7;19.4;355
6;24.07;355
5;27.82;355
4;27.83;355
5;27.8;356
6;24.0;356
7;19.38;356
7;19.37;357
5;27.8;357
6;23.87;357
7;19.33;358
6;23.83;358
3;27.78;358
5;27.73;358
4;27.77;358
6;23.77;359
7;19.33;359
5;27.7;359
7;19.23;360
4;27.7;360
6;23.73;360
5;27.58;360
7;19.23;361
6;23.73;361
4;27.67;361
5;27.55;361
4;27.6;362
5;27.52;362
7;19.13;362
6;23.72;362
6;23.67;363
5;27.5;363
4;27.57;363
7;18.97;363
7;18.83;364
4;27.5;364
5;27.48;364
6;23.63;364
5;27.47;365
7;18.8;365
4;27.5;365
6;23.57;365
6;23.53;366
5;27.43;366
3;27.5;366
7;18.77;366
6;23.5;367
5;27.42;367
7;18.67;367
7;18.5;368
6;23.5;368
5;27.4;368
6;23.47;369
5;27.38;369
7;18.43;369
7;18.42;370
5;27.35;370
6;23.45;370
4;27.38;370
7;18.35;371
5;27.33;371
4;27.35;371
6;23.43;371
7;18.3;372
5;27.33;372
4;27.35;372
6;23.4;372
5;27.3;373
6;23.37;373
7;18.3;373
7;18.13;374
5;27.3;374
6;23.33;374
7;18.07;375
5;27.28;375
6;23.3;375
5;27.27;376
6;23.27;376
7;17.9;376
6;23.17;377
5;27.27;377
7;17.83;377
4;27.27;378
7;17.8;378
6;23.0;378
5;27.2;378
7;17.73;379
5;27.17;379
4;27.23;379
6;22.87;379
7;17.67;380
6;22.85;380
5;27.12;380
4;27.1;381
5;27.05;381
6;22.83;381
7;17.63;381
5;27.03;382
6;22.77;382
4;27.1;382
7;17.6;382
4;27.07;383
5;27.02;383
6;22.57;383
7;17.57;383
5;26.97;384
7;17.47;384
4;27.0;384
6;22.4;384
5;26.95;385
4;27.0;385
7;17.43;385
6;22.38;385
5;26.93;386
4;26.98;386
7;17.42;386
6;22.35;386
4;26.97;387
7;17.4;387
5;26.93;387
6;22.33;387
7;17.4;388
4;26.97;388
6;22.3;388
5;26.87;388
4;26.93;389
7;17.33;389
5;26.85;389
6;22.23;389
4;26.93;390
5;26.83;390
7;17.3;390
6;22.23;390
5;26.8;391
3;26.93;391
4;26.93;391
7;17.23;391
6;22.22;391
4;26.9;392
5;26.77;392
7;17.2;392
6;22.2;392
3;26.9;393
4;26.9;393
7;17.17;393
6;22.13;393
5;26.77;393
4;26.83;394
7;17.1;394
5;26.73;394
6;22.07;394
4;26.83;395
6;22.0;395
5;26.67;395
7;17.03;395
7;16.97;396
6;21.97;396
4;26.73;396
5;26.67;396
3;26.77;396
5;26.6;397
4;26.7;397
6;21.97;397
7;16.87;397
3;26.73;397
6;21.88;398
4;26.67;398
7;16.83;398
5;26.55;398
7;16.72;399
4;26.67;399
5;26.5;399
6;21.77;399
6;21.63;400
7;16.7;400
4;26.62;400
5;26.47;400
7;16.67;401
6;21.6;401
4;26.6;401
5;26.43;401
4;26.6;402
6;21.57;402
7;16.6;402
5;26.43;402
4;26.57;403
5;26.42;403
6;21.55;403
7;16.55;403
6;21.52;404
7;16.4;404
4;26.43;404
5;26.4;404
6;21.5;405
4;26.4;405
5;26.37;405
7;16.4;405
3;26.4;405
6;21.47;406
5;26.35;406
7;16.33;406
5;26.33;407
7;16.33;407
6;21.43;407
7;16.28;408
5;26.28;408
6;21.43;408
4;26.3;408
7;16.2;409
6;21.42;409
5;26.27;409
3;26.23;410
6;21.37;410
7;16.17;410
5;26.23;410
4;26.23;411
7;16.07;411
6;21.33;411
5;26.23;411
5;26.2;412
6;21.33;412
4;26.23;412
7;15.9;412
4;26.23;413
7;15.87;413
5;26.17;413
6;21.3;413
7;15.83;414
5;26.15;414
4;26.2;414
6;21.3;414
6;21.23;415
4;26.17;415
7;15.83;415
5;26.1;415
7;15.8;416
4;26.13;416
5;26.07;416
6;21.2;416
7;15.67;417
6;21.17;417
4;26.13;417
5;26.03;417
4;26.1;418
6;20.93;418
7;15.53;418
5;25.9;418
5;25.88;419
7;15.5;419
6;20.9;419
4;26.1;419
6;20.8;420
7;15.47;420
5;25.85;420
4;26.07;420
4;26.07;421
6;20.77;421
7;15.33;421
5;25.77;421
7;15.3;422
5;25.77;422
6;20.75;422
4;26.0;422
7;15.13;423
4;25.85;423
5;25.73;423
6;20.73;423
6;20.67;424
7;15.05;424
5;25.73;424
4;25.83;424
7;15.0;425
5;25.67;425
6;20.67;425
3;25.83;425
4;25.77;425
6;20.65;426
4;25.72;426
7;14.83;426
5;25.63;426
3;25.77;426
7;14.73;427
5;25.58;427
4;25.7;427
6;20.62;427
3;25.73;427
6;20.6;428
5;25.57;428
7;14.67;428
3;25.67;428
6;20.53;429
7;14.67;429
5;25.57;429
6;20.5;430
7;14.6;430
5;25.5;430
4;25.57;430
7;14.57;431
4;25.5;431
6;20.37;431
5;25.45;431
7;14.57;432
6;20.33;432
5;25.4;432
3;25.45;432
5;25.33;433
7;14.53;433
6;20.33;433
4;25.38;433
5;25.3;434
7;14.5;434
6;20.3;434
4;25.27;435
7;14.42;435
5;25.27;435
6;20.27;435
6;20.27;436
5;25.23;436
7;14.4;436
4;25.27;436
7;14.37;437
5;25.23;437
6;20.23;437
6;20.23;438
7;14.33;438
5;25.22;438
7;14.33;439
4;25.15;439
3;25.18;439
6;20.17;439
5;25.13;439
4;25.13;440
6;20.13;440
7;14.23;440
5;25.07;440
7;14.17;441
3;25.1;441
4;25.07;441
6;20.1;441
5;25.0;441
6;20.07;442
4;25.05;442
5;24.97;442
7;14.17;442
6;20.03;443
4;25.05;443
5;24.92;443
7;14.13;443
6;20.0;444
4;25.03;444
7;14.07;444
5;24.85;444
6;19.97;445
7;14.07;445
4;25.02;445
5;24.83;445
3;25.03;445
4;24.97;446
6;19.9;446
7;14.05;446
3;25.02;446
5;24.83;446
4;24.85;447
3;25.0;447
6;19.87;447
7;14.0;447
5;24.8;447
5;24.73;448
3;24.9;448
6;19.83;448
4;24.78;448
7;14.0;448
4;24.77;449
7;13.97;449
5;24.7;449
6;19.72;449
4;24.73;450
6;19.7;450
7;13.9;450
5;24.67;450
6;19.67;451
5;24.67;451
4;24.73;451
7;13.87;451
5;24.63;452
7;13.83;452
4;24.68;452
6;19.63;452
3;24.68;453
6;19.6;453
7;13.8;453
4;24.65;453
5;24.6;453
7;13.67;454
5;24.57;454
4;24.62;454
6;19.57;454
4;24.6;455
5;24.55;455
7;13.67;455
6;19.55;455
6;19.5;456
7;13.63;456
3;24.6;456
5;24.53;456
7;13.53;457
5;24.52;457
4;24.53;457
3;24.58;457
6;19.47;457
7;13.5;458
5;24.5;458
3;24.53;458
6;19.4;458
4;24.5;459
5;24.48;459
7;13.45;459
6;19.33;459
5;24.47;460
7;13.4;460
6;19.23;460
5;24.43;461
6;19.23;461
7;13.33;461
6;19.2;462
5;24.43;462
7;13.27;462
5;24.4;463
7;13.27;463
4;24.42;463
6;19.18;463
4;24.4;464
6;19.17;464
5;24.35;464
7;13.23;464
3;24.4;465
7;13.17;465
4;24.37;465
5;24.3;465
6;19.17;465
3;24.37;466
4;24.33;466
7;13.17;466
5;24.27;466
6;19.12;466
5;24.23;467
7;13.07;467
4;24.33;467
6;19.03;467
5;24.2;468
7;13.0;468
4;24.33;468
6;19.0;468
6;18.97;469
7;12.9;469
5;24.18;469
7;12.73;470
6;18.97;470
4;24.18;470
5;24.17;470
5;24.17;471
7;12.73;471
6;18.9;471
4;24.17;472
5;24.17;472
7;12.7;472
6;18.83;472
7;12.67;473
4;24.17;473
6;18.8;473
5;24.13;473
7;12.67;474
5;24.12;474
4;24.15;474
3;24.17;474
6;18.77;474
5;24.07;475
6;18.73;475
7;12.63;475
4;24.1;475
4;24.1;476
7;12.55;476
6;18.7;476
5;24.05;476
7;12.5;477
6;18.68;477
5;24.0;477
4;24.08;477
7;12.5;478
6;18.67;478
5;24.0;478
4;24.07;478
6;18.67;479
4;24.02;479
5;24.0;479
7;12.47;479
3;24.07;479
7;12.42;480
6;18.63;480
4;24.0;480
3;24.03;480
5;23.97;480
7;12.35;481
6;18.6;481
3;24.02;481
5;23.93;481
4;23.93;482
6;18.5;482
7;12.33;482
5;23.92;482
3;24.0;482
7;12.17;483
4;23.87;483
5;23.8;483
3;23.9;483
6;18.47;483
6;18.43;484
4;23.85;484
7;12.17;484
5;23.8;484
6;18.4;485
7;12.1;485
5;23.78;485
4;23.85;485
5;23.77;486
6;18.4;486
4;23.83;486
7;12.07;486
5;23.77;487
6;18.33;487
4;23.82;487
7;12.02;487
4;23.8;488
5;23.67;488
7;12.0;488
6;18.3;488
4;23.78;489
7;11.97;489
6;18.22;489
5;23.67;489
5;23.62;490
4;23.77;490
6;18.17;490
7;11.95;490
4;23.77;491
6;18.17;491
7;11.9;491
5;23.6;491
5;23.6;492
4;23.72;492
7;11.83;492
6;18.05;492
7;11.77;493
4;23.72;493
5;23.57;493
6;18.03;493
7;11.75;494
4;23.7;494
5;23.52;494
6;18.03;494
6;18.0;495
7;11.67;495
4;23.68;495
5;23.5;495
6;17.93;496
7;11.67;496
5;23.5;496
4;23.67;496
5;23.43;497
7;11.63;497
4;23.63;497
6;17.92;497
5;23.42;498
7;11.5;498
3;23.62;498
6;17.9;498
4;23.6;498
3;23.6;499
7;11.4;499
4;23.58;499
6;17.82;499
5;23.4;499
4;23.57;500
6;17.8;500
5;23.37;500
7;11.35;500
4;23.55;501
5;23.3;501
6;17.73;501
7;11.33;501
3;23.57;501
7;11.27;502
6;17.7;502
4;23.55;502
5;23.28;502
5;23.27;503
6;17.68;503
7;11.23;503
4;23.53;503
7;11.03;504
5;23.23;504
4;23.5;504
6;17.67;504
4;23.45;505
5;23.23;505
6;17.67;505
7;11.0;505
7;10.67;506
5;23.2;506
4;23.42;506
6;17.63;506
3;23.42;506
7;10.63;507
5;23.2;507
4;23.4;507
6;17.62;507
3;23.4;508
5;23.1;508
7;10.55;508
4;23.33;508
6;17.6;508
4;23.33;509
5;23.1;509
7;10.5;509
6;17.57;509
7;10.4;510
6;17.4;510
4;23.33;510
5;23.07;510
4;23.3;511
7;10.33;511
5;23.07;511
6;17.33;511
5;23.07;512
6;17.3;512
4;23.28;512
7;10.33;512
3;23.3;512
2;23.3;512
5;23.0;513
4;23.27;513
6;17.2;513
7;10.3;513
6;17.17;514
5;23.0;514
4;23.25;514
7;10.23;514
5;22.97;515
4;23.22;515
7;10.17;515
6;17.13;515
5;22.95;516
4;23.13;516
6;17.12;516
7;10.13;516
7;10.03;517
4;23.1;517
5;22.95;517
6;17.1;517
4;23.07;518
6;17.07;518
7;10.0;518
5;22.93;518
5;22.93;519
6;17.05;519
7;9.95;519
4;23.05;519
6;17.0;520
5;22.93;520
7;9.93;520
4;23.0;520
3;23.05;520
6;16.97;521
7;9.9;521
5;22.92;521
4;23.0;521
7;9.83;522
4;22.97;522
5;22.85;522
6;16.97;522
7;9.8;523
4;22.95;523
6;16.93;523
5;22.85;523
4;22.93;524
6;16.83;524
7;9.7;524
5;22.77;524
7;9.67;525
6;16.8;525
4;22.9;525
5;22.77;525
6;16.77;526
5;22.75;526
7;9.63;526
4;22.88;526
7;9.6;527
5;22.67;527
6;16.73;527
4;22.88;527
5;22.65;528
6;16.67;528
4;22.87;528
7;9.53;528
7;9.5;529
5;22.55;529
4;22.82;529
6;16.67;529
4;22.8;530
5;22.5;530
7;9.47;530
6;16.63;530
4;22.77;531
6;16.62;531
7;9.37;531
5;22.5;531
7;9.33;532
6;16.6;532
4;22.77;532
5;22.43;532
5;22.4;533
7;9.33;533
4;22.75;533
6;16.55;533
7;9.3;534
6;16.5;534
5;22.37;534
4;22.73;534
7;9.23;535
5;22.35;535
6;16.43;535
4;22.67;535
3;22.7;535
7;9.13;536
4;22.65;536
5;22.35;536
6;16.42;536
7;9.02;537
4;22.57;537
5;22.33;537
6;16.4;537
4;22.55;538
7;9.0;538
6;16.37;538
5;22.33;538
5;22.3;539
7;8.97;539
6;16.35;539
4;22.5;539
4;22.5;540
7;8.8;540
6;16.35;540
5;22.28;540
6;16.33;541
7;8.75;541
4;22.48;541
5;22.25;541
4;22.43;542
7;8.67;542
5;22.17;542
6;16.3;542
6;16.23;543
7;8.63;543
5;22.13;543
4;22.43;543
5;22.07;544
7;8.4;544
6;16.2;544
4;22.4;544
4;22.37;545
7;8.33;545
6;15.97;545
5;22.03;545
4;22.3;546
7;8.17;546
6;15.92;546
5;22.02;546
7;8.0;547
4;22.28;547
5;21.98;547
6;15.9;547
6;15.83;548
7;7.67;548
3;22.28;548
4;22.27;548
5;21.93;548
7;7.33;549
5;21.9;549
6;15.83;549
4;22.27;549
7;7.3;550
5;21.87;550
4;22.25;550
6;15.8;550
7;7.17;551
4;22.2;551
5;21.85;551
6;15.77;551
7;7.0;552
4;22.13;552
6;15.75;552
5;21.83;552
5;21.8;553
7;6.9;553
4;22.13;553
6;15.73;553
4;22.12;554
7;6.83;554
5;21.77;554
6;15.6;554
5;21.72;555
6;15.5;555
7;6.83;555
4;22.1;555
7;6.8;556
4;22.08;556
6;15.5;556
5;21.7;556
7;6.7;557
5;21.68;557
3;22.07;557
6;15.47;557
4;22.0;557
7;6.67;558
4;22.0;558
3;22.0;558
5;21.65;558
6;15.42;558
4;21.93;559
5;21.57;559
7;6.67;559
6;15.4;559
7;6.57;560
4;21.9;560
6;15.38;560
5;21.57;560
7;6.5;561
5;21.53;561
6;15.37;561
4;21.87;561
7;6.4;562
5;21.52;562
4;21.87;562
6;15.33;562
5;21.5;563
4;21.83;563
6;15.3;563
7;6.33;563
5;21.5;564
7;6.33;564
4;21.83;564
6;15.17;564
4;21.8;565
7;6.3;565
5;21.5;565
6;15.13;565
3;21.82;565
5;21.47;566
4;21.77;566
7;6.17;566
6;15.05;566
7;6.0;567
6;15.0;567
4;21.77;567
5;21.45;567
7;5.83;568
4;21.72;568
5;21.4;568
6;14.97;568
7;5.8;569
6;14.93;569
5;21.4;569
4;21.6;569
5;21.33;570
6;14.93;570
7;5.67;570
4;21.52;570
7;5.67;571
6;14.9;571
4;21.5;571
5;21.33;571
4;21.43;572
7;5.35;572
6;14.83;572
3;21.5;572
5;21.3;572
6;14.8;573
4;21.43;573
7;5.33;573
5;21.3;573
7;3.67;574
6;14.8;574
4;21.42;574
5;21.28;574
4;21.4;575
6;14.75;575
7;3.5;575
5;21.2;575
4;21.37;576
7;3.17;576
6;14.67;576
5;21.17;576
7;2.83;577
4;21.35;577
5;21.13;577
6;14.67;577
4;21.27;578
6;14.57;578
7;2.5;578
3;21.35;578
5;21.13;578
3;21.27;579
7;0.0;579
4;21.27;579
5;21.12;579
6;14.5;579
4;21.23;580
6;14.5;580
3;21.27;580
5;21.12;580
6;14.35;581
4;21.22;581
5;20.93;581
5;20.88;582
6;14.33;582
4;21.2;582
5;20.87;583
6;14.3;583
4;21.2;583
4;21.18;584
6;14.23;584
5;20.85;584
5;20.85;585
4;21.17;585
6;14.23;585
3;21.18;585
3;21.17;586
6;14.2;586
4;21.1;586
5;20.77;586
4;21.07;587
5;20.75;587
3;21.1;587
6;14.08;587
3;21.07;588
4;21.07;588
6;14.0;588
5;20.73;588
6;13.97;589
4;21.05;589
5;20.68;589
4;21.02;590
5;20.67;590
6;13.93;590
4;20.97;591
5;20.65;591
6;13.92;591
4;20.93;592
6;13.9;592
5;20.63;592
4;20.9;593
5;20.6;593
6;13.83;593
4;20.83;594
6;13.83;594
3;20.87;594
5;20.6;594
5;20.57;595
4;20.8;595
6;13.8;595
4;20.8;596
5;20.52;596
6;13.77;596
4;20.78;597
5;20.5;597
6;13.73;597
4;20.73;598
6;13.73;598
5;20.47;598
6;13.7;599
4;20.7;599
3;20.73;599
5;20.45;599
4;20.67;600
5;20.43;600
6;13.67;600
6;13.67;601
5;20.42;601
4;20.62;601
3;20.63;601
4;20.6;602
6;13.63;602
5;20.37;602
5;20.3;603
4;20.57;603
6;13.6;603
5;20.28;604
4;20.47;604
6;13.6;604
3;20.53;604
4;20.43;605
6;13.57;605
3;20.47;605
5;20.27;605
6;13.5;606
4;20.42;606
5;20.27;606
5;20.23;607
6;13.47;607
4;20.38;607
5;20.22;608
6;13.42;608
4;20.37;608
4;20.33;609
6;13.38;609
5;20.2;609
3;20.37;609
5;20.17;610
4;20.3;610
6;13.37;610
5;20.17;611
6;13.33;611
2;20.3;611
4;20.27;611
6;13.3;612
4;20.23;612
5;20.13;612
5;20.1;613
6;13.27;613
4;20.2;613
4;20.18;614
5;20.1;614
6;13.25;614
4;20.17;615
5;20.07;615
6;13.23;615
5;20.07;616
6;13.2;616
4;20.13;616
3;20.17;616
4;20.1;617
6;13.17;617
5;20.03;617
5;20.0;618
3;20.1;618
6;13.15;618
4;20.1;618
5;19.97;619
4;20.07;619
6;13.1;619
4;20.05;620
3;20.07;620
5;19.93;620
6;13.07;620
4;20.0;621
6;13.0;621
3;20.05;621
5;19.9;621
6;12.97;622
4;19.97;622
5;19.88;622
3;20.03;622
4;19.97;623
5;19.87;623
6;12.97;623
5;19.85;624
4;19.9;624
6;12.93;624
5;19.85;625
4;19.9;625
6;12.87;625
6;12.87;626
3;19.9;626
5;19.83;626
4;19.85;626
5;19.77;627
6;12.83;627
3;19.87;627
4;19.83;627
5;19.77;628
4;19.83;628
6;12.83;628
5;19.72;629
6;12.8;629
4;19.82;629
5;19.7;630
6;12.77;630
4;19.8;630
4;19.78;631
5;19.7;631
6;12.73;631
6;12.7;632
5;19.67;632
4;19.78;632
6;12.67;633
3;19.77;633
5;19.67;633
4;19.77;633
6;12.67;634
5;19.63;634
4;19.75;634
6;12.6;635
5;19.6;635
4;19.73;635
5;19.57;636
6;12.53;636
4;19.67;636
5;19.53;637
6;12.52;637
4;19.67;637
6;12.5;638
5;19.5;638
4;19.65;638
6;12.5;639
4;19.6;639
5;19.45;639
4;19.6;640
3;19.6;640
5;19.43;640
6;12.47;640
5;19.43;641
4;19.5;641
6;12.47;641
3;19.5;642
6;12.4;642
5;19.4;642
4;19.48;642
6;12.4;643
5;19.4;643
4;19.4;644
6;12.35;644
5;19.38;644
5;19.33;645
4;19.37;645
6;12.33;645
5;19.3;646
6;12.33;646
4;19.37;646
5;19.27;647
6;12.27;647
4;19.33;647
3;19.35;647
4;19.33;648
6;12.25;648
5;19.23;648
6;12.17;649
4;19.3;649
5;19.22;649
6;12.17;650
5;19.2;650
4;19.28;650
4;19.27;651
5;19.17;651
6;12.13;651
4;19.23;652
5;19.17;652
6;12.02;652
6;12.0;653
5;19.15;653
4;19.22;653
4;19.2;654
5;19.13;654
6;12.0;654
4;19.2;655
6;11.97;655
5;19.1;655
4;19.17;656
6;11.93;656
5;19.07;656
6;11.92;657
4;19.08;657
3;19.15;657
5;19.05;657
3;19.1;658
4;19.07;658
6;11.9;658
5;19.03;658
6;11.83;659
5;19.0;659
3;19.08;659
4;19.07;659
4;19.05;660
5;18.97;660
6;11.8;660
5;18.95;661
6;11.77;661
4;19.03;661
6;11.67;662
3;19.03;662
4;19.0;662
5;18.9;662
4;18.98;663
6;11.67;663
5;18.88;663
4;18.97;664
6;11.63;664
5;18.85;664
5;18.83;665
6;11.6;665
4;18.93;665
5;18.8;666
4;18.9;666
6;11.57;666
3;18.9;667
5;18.8;667
4;18.9;667
6;11.53;667
4;18.87;668
6;11.5;668
5;18.77;668
5;18.75;669
6;11.47;669
4;18.83;669
4;18.8;670
5;18.73;670
6;11.4;670
6;11.33;671
4;18.8;671
5;18.73;671
6;11.33;672
4;18.77;672
5;18.72;672
6;11.3;673
5;18.7;673
4;18.77;673
4;18.75;674
5;18.68;674
6;11.27;674
5;18.67;675
6;11.25;675
4;18.73;675
5;18.67;676
4;18.7;676
6;11.23;676
4;18.7;677
6;11.18;677
5;18.63;677
4;18.68;678
5;18.62;678
6;11.17;678
4;18.67;679
6;11.17;679
3;18.68;679
5;18.6;679
5;18.6;680
4;18.67;680
3;18.67;680
6;11.13;680
5;18.58;681
4;18.63;681
6;11.1;681
5;18.57;682
3;18.63;682
6;11.05;682
4;18.62;682
4;18.6;683
6;11.03;683
5;18.57;683
3;18.6;684
6;11.0;684
5;18.55;684
4;18.6;684
6;10.93;685
4;18.58;685
5;18.55;685
3;18.6;685
4;18.57;686
6;10.93;686
5;18.53;686
4;18.55;687
5;18.52;687
6;10.88;687
6;10.87;688
5;18.5;688
4;18.53;688
5;18.43;689
4;18.52;689
3;18.53;689
6;10.83;689
4;18.5;690
5;18.4;690
6;10.83;690
5;18.4;691
4;18.48;691
3;18.48;691
6;10.68;691
6;10.67;692
4;18.42;692
5;18.38;692
4;18.4;693
5;18.37;693
6;10.67;693
4;18.4;694
3;18.4;694
5;18.35;694
6;10.5;694
5;18.33;695
6;10.4;695
3;18.35;695
2;18.37;695
6;10.4;696
5;18.33;696
4;18.33;696
5;18.3;697
6;10.33;697
3;18.33;697
4;18.28;698
5;18.23;698
6;10.3;698
3;18.32;698
5;18.2;699
4;18.27;699
6;10.2;699
5;18.18;700
4;18.2;700
6;10.17;700
3;18.23;700
5;18.17;701
6;10.12;701
4;18.18;701
3;18.2;701
5;18.17;702
3;18.18;702
4;18.17;702
6;10.07;702
5;18.1;703
4;18.17;703
6;10.0;703
4;18.13;704
6;9.97;704
5;18.07;704
6;9.95;705
4;18.1;705
5;18.07;705
4;18.07;706
6;9.93;706
5;18.03;706
5;18.0;707
6;9.88;707
4;18.02;707
6;9.87;708
4;18.0;708
5;17.98;708
6;9.83;709
5;17.97;709
5;17.95;710
6;9.83;710
4;17.97;710
6;9.8;711
4;17.95;711
3;17.97;711
5;17.93;711
6;9.73;712
4;17.92;712
3;17.95;712
5;17.9;712
6;9.7;713
5;17.9;713
6;9.67;714
5;17.85;714
4;17.88;714
5;17.83;715
6;9.58;715
4;17.87;715
5;17.83;716
4;17.85;716
6;9.53;716
3;17.87;716
5;17.8;717
6;9.5;717
4;17.83;717
3;17.85;717
2;17.87;717
4;17.8;718
6;9.33;718
5;17.77;718
5;17.75;719
6;9.33;719
6;9.3;720
5;17.73;720
4;17.72;721
6;9.27;721
5;17.7;721
6;9.27;722
4;17.72;722
5;17.67;722
6;9.23;723
4;17.7;723
5;17.63;723
3;17.7;723
4;17.67;724
6;9.2;724
5;17.6;724
6;9.17;725
3;17.67;725
5;17.57;725
4;17.67;725
5;17.5;726
4;17.63;726
3;17.67;726
6;9.13;726
6;9.0;727
4;17.62;727
5;17.47;727
6;8.97;728
5;17.43;728
4;17.6;728
6;8.93;729
4;17.57;729
5;17.4;729
4;17.55;730
5;17.4;730
6;8.85;730
5;17.37;731
6;8.83;731
4;17.53;731
5;17.35;732
6;8.83;732
4;17.5;732
5;17.33;733
6;8.8;733
4;17.47;733
5;17.33;734
6;8.77;734
3;17.47;734
4;17.43;734
5;17.3;735
6;8.75;735
4;17.4;735
6;8.67;736
5;17.3;736
4;17.4;736
6;8.52;737
5;17.27;737
4;17.38;737
3;17.4;737
4;17.33;738
6;8.5;738
5;17.23;738
4;17.3;739
5;17.2;739
6;8.4;739
3;17.33;739
6;8.33;740
4;17.3;740
5;17.17;740
3;17.33;740
6;8.3;741
4;17.28;741
5;17.17;741
6;8.27;742
5;17.13;742
4;17.27;742
6;8.22;743
4;17.25;743
5;17.12;743
5;17.1;744
3;17.25;744
4;17.23;744
6;8.17;744
4;17.17;745
6;8.08;745
5;17.1;745
3;17.23;745
6;8.0;746
4;17.17;746
5;17.05;746
3;17.2;746
5;17.0;747
6;7.88;747
4;17.03;747
3;17.1;747
6;7.67;748
5;16.97;748
4;17.0;748
3;17.03;748
6;7.63;749
4;16.97;749
5;16.97;749
6;7.6;750
4;16.95;750
3;16.97;750
5;16.95;750
6;7.5;751
4;16.93;751
5;16.92;751
3;16.97;751
6;7.33;752
3;16.93;752
5;16.92;752
6;7.3;753
5;16.9;753
6;7.17;754
5;16.9;754
6;7.0;755
5;16.88;755
6;6.9;756
4;16.88;756
5;16.87;756
6;6.83;757
5;16.83;757
4;16.87;757
3;16.88;757
5;16.83;758
6;6.83;758
4;16.83;758
2;16.87;758
6;6.8;759
5;16.82;759
5;16.8;760
6;6.75;760
6;6.7;761
5;16.78;761
4;16.8;761
6;6.67;762
4;16.8;762
5;16.77;762
6;6.67;763
4;16.77;763
5;16.75;763
5;16.73;764
6;6.57;764
3;16.77;764
6;6.5;765
5;16.68;765
4;16.72;765
5;16.67;766
6;6.45;766
4;16.7;766
3;16.72;766
5;16.63;767
6;6.43;767
4;16.7;767
4;16.67;768
6;6.4;768
5;16.62;768
6;6.37;769
4;16.63;769
5;16.6;769
5;16.57;770
4;16.6;770
6;6.33;770
6;6.33;771
4;16.57;771
3;16.6;771
5;16.55;771
6;6.3;772
4;16.55;772
5;16.53;772
3;16.6;772
5;16.5;773
6;6.2;773
4;16.55;773
6;6.17;774
5;16.43;774
4;16.53;774
5;16.4;775
6;6.17;775
4;16.52;775
4;16.5;776
5;16.38;776
6;6.03;776
6;6.0;777
5;16.37;777
4;16.48;777
5;16.33;778
6;5.83;778
4;16.47;778
6;5.8;779
4;16.43;779
5;16.3;779
6;5.67;780
5;16.3;780
4;16.42;780
6;5.67;781
4;16.4;781
5;16.28;781
6;5.6;782
4;16.38;782
5;16.23;782
6;5.5;783
5;16.2;783
3;16.38;783
4;16.37;783
5;16.17;784
6;5.47;784
4;16.33;784
6;5.35;785
4;16.33;785
5;16.17;785
3;16.33;786
4;16.32;786
5;16.15;786
6;5.33;786
4;16.3;787
6;5.33;787
5;16.13;787
4;16.3;788
5;16.1;788
6;5.25;788
4;16.28;789
5;16.0;789
6;5.2;789
3;16.3;789
6;5.17;790
4;16.27;790
5;16.0;790
6;5.1;791
3;16.27;791
4;16.27;791
5;15.98;791
6;5.05;792
4;16.25;792
5;15.97;792
6;5.0;793
4;16.22;793
5;15.97;793
4;16.2;794
6;4.9;794
5;15.95;794
6;4.8;795
4;16.2;795
5;15.9;795
4;16.17;796
6;4.73;796
5;15.9;796
6;3.67;797
5;15.87;797
4;16.1;797
6;3.5;798
3;16.1;798
5;15.83;798
4;16.1;798
5;15.83;799
6;3.33;799
4;16.08;799
4;16.0;800
5;15.83;800
6;3.25;800
4;16.0;801
5;15.8;801
6;3.2;801
5;15.77;802
6;3.17;802
4;15.97;802
6;3.0;803
5;15.73;803
4;15.95;803
6;2.83;804
4;15.93;804
5;15.73;804
6;2.67;805
5;15.72;805
4;15.93;805
6;2.5;806
4;15.9;806
5;15.7;806
6;2.33;807
4;15.88;807
5;15.68;807
3;15.9;807
5;15.67;808
6;0.0;808
4;15.88;808
4;15.83;809
5;15.67;809
3;15.88;809
3;15.87;810
4;15.8;810
5;15.67;810
4;15.8;811
5;15.65;811
3;15.85;811
5;15.63;812
3;15.83;812
4;15.73;812
5;15.6;813
4;15.7;813
3;15.8;813
4;15.67;814
5;15.57;814
3;15.7;814
3;15.67;815
4;15.6;815
5;15.55;815
4;15.57;816
3;15.65;816
5;15.55;816
5;15.5;817
3;15.63;817
4;15.53;817
5;15.5;818
4;15.5;818
3;15.53;818
5;15.47;819
4;15.47;820
5;15.43;820
5;15.43;821
4;15.45;821
4;15.43;822
5;15.4;822
5;15.4;823
4;15.42;823
5;15.38;824
4;15.4;824
5;15.3;825
4;15.4;825
4;15.37;826
5;15.27;826
4;15.35;827
5;15.25;827
5;15.23;828
4;15.33;828
5;15.22;829
4;15.33;829
4;15.3;830
5;15.17;830
3;15.33;830
4;15.3;831
5;15.17;831
4;15.27;832
5;15.15;832
3;15.27;833
5;15.13;833
4;15.25;833
4;15.23;834
5;15.12;834
5;15.1;835
4;15.23;835
5;15.1;836
4;15.2;836
4;15.2;837
5;15.07;837
4;15.17;838
5;15.03;838
3;15.2;838
3;15.15;839
5;15.0;839
4;15.15;839
5;14.97;840
3;15.15;840
4;15.12;840
4;15.1;841
5;14.93;841
3;15.13;841
5;14.93;842
4;15.1;842
3;15.1;842
4;15.08;843
5;14.88;843
4;15.08;844
5;14.87;844
5;14.83;845
4;15.05;845
5;14.77;846
4;15.03;846
5;14.75;847
3;15.03;847
4;15.03;847
5;14.75;848
4;15.02;848
4;15.0;849
5;14.73;849
4;14.93;850
5;14.7;850
3;15.0;850
4;14.93;851
5;14.67;851
2;15.0;851
4;14.93;852
5;14.67;852
5;14.63;853
4;14.92;853
5;14.57;854
4;14.9;854
3;14.9;855
4;14.9;855
5;14.57;855
5;14.53;856
4;14.87;856
5;14.5;857
3;14.83;857
4;14.83;857
3;14.83;858
5;14.48;858
4;14.8;858
4;14.78;859
5;14.47;859
3;14.8;859
5;14.42;860
4;14.75;860
3;14.77;860
4;14.73;861
5;14.38;861
3;14.75;861
5;14.37;862
4;14.73;862
5;14.35;863
4;14.7;863
3;14.72;863
5;14.33;864
4;14.68;864
3;14.7;864
5;14.28;865
3;14.7;865
4;14.67;865
5;14.27;866
4;14.67;866
3;14.67;866
4;14.63;867
5;14.27;867
5;14.25;868
4;14.63;868
5;14.2;869
4;14.62;869
5;14.17;870
4;14.58;870
4;14.57;871
5;14.13;871
5;14.08;872
4;14.57;872
5;14.05;873
4;14.53;873
4;14.53;874
5;14.05;874
5;14.03;875
4;14.53;875
5;14.02;876
4;14.52;876
3;14.53;876
5;14.0;877
4;14.5;877
2;14.53;877
4;14.47;878
3;14.5;878
5;14.0;878
2;14.5;879
3;14.47;879
4;14.47;879
5;13.97;879
5;13.97;880
4;14.45;880
5;13.97;881
4;14.45;881
5;13.95;882
4;14.42;882
5;13.9;883
4;14.4;883
4;14.37;884
5;13.9;884
4;14.37;885
3;14.37;885
5;13.88;885
4;14.33;886
5;13.85;886
3;14.37;886
5;13.8;887
4;14.33;887
3;14.35;887
2;14.37;887
5;13.75;888
4;14.3;888
4;14.27;889
5;13.73;889
5;13.73;890
4;14.23;890
5;13.7;891
4;14.23;891
4;14.22;892
5;13.68;892
3;14.22;893
5;13.67;893
4;14.2;893
4;14.17;894
3;14.2;894
5;13.63;894
3;14.17;895
4;14.17;895
5;13.62;895
5;13.6;896
4;14.13;896
2;14.17;896
4;14.13;897
5;13.6;897
5;13.57;898
3;14.13;898
4;14.08;898
4;14.03;899
5;13.57;899
3;14.12;899
3;14.1;900
4;14.03;900
5;13.55;900
4;14.02;901
5;13.53;901
2;14.1;901
3;14.03;901
4;14.0;902
5;13.52;902
4;14.0;903
5;13.5;903
3;14.0;903
5;13.5;904
4;13.97;904
5;13.42;905
3;13.97;905
4;13.97;905
3;13.97;906
5;13.4;906
4;13.9;906
5;13.4;907
4;13.87;907
3;13.92;907
3;13.88;908
4;13.87;908
5;13.38;908
4;13.83;909
5;13.37;909
4;13.83;910
5;13.35;910
3;13.83;911
4;13.8;911
5;13.33;911
4;13.77;912
5;13.33;912
4;13.75;913
5;13.32;913
4;13.75;914
5;13.25;914
4;13.72;915
5;13.23;915
5;13.22;916
4;13.7;916
5;13.2;917
4;13.7;917
5;13.17;918
4;13.68;918
3;13.7;918
5;13.13;919
4;13.67;919
2;13.7;919
5;13.12;920
4;13.63;920
4;13.6;921
5;13.08;921
5;13.07;922
4;13.57;922
3;13.6;922
5;13.05;923
4;13.55;923
3;13.57;923
4;13.53;924
5;13.05;924
4;13.52;925
5;13.03;925
4;13.5;926
5;13.0;926
5;13.0;927
3;13.5;927
4;13.5;927
4;13.47;928
5;12.92;928
5;12.87;929
4;13.47;929
4;13.45;930
5;12.85;930
4;13.4;931
5;12.83;931
4;13.38;932
5;12.83;932
5;12.83;933
4;13.37;933
4;13.35;934
5;12.8;934
4;13.32;935
5;12.8;935
4;13.32;936
5;12.77;936
4;13.3;937
5;12.73;937
5;12.72;938
4;13.3;938
5;12.7;939
3;13.3;939
4;13.28;939
5;12.67;940
4;13.25;940
5;12.67;941
4;13.2;941
3;13.23;941
4;13.17;942
5;12.65;942
5;12.63;943
4;13.17;943
4;13.12;944
3;13.12;944
5;12.63;944
5;12.6;945
4;13.1;945
4;13.07;946
5;12.6;946
4;13.05;947
5;12.58;947
4;13.03;948
3;13.05;948
5;12.58;948
5;12.57;949
4;13.02;949
4;13.0;950
5;12.55;950
3;13.0;951
4;12.97;951
5;12.53;951
4;12.95;952
5;12.5;952
3;12.95;953
5;12.48;953
4;12.93;953
5;12.47;954
3;12.93;954
4;12.9;954
4;12.88;955
5;12.47;955
4;12.87;956
5;12.43;956
3;12.88;956
5;12.4;957
4;12.87;957
5;12.4;958
3;12.87;958
4;12.83;958
3;12.83;959
5;12.37;959
4;12.8;959
5;12.33;960
4;12.8;960
5;12.33;961
4;12.78;961
4;12.77;962
5;12.3;962
5;12.27;963
4;12.75;963
5;12.27;964
4;12.72;964
4;12.67;965
5;12.25;965
3;12.7;965
4;12.67;966
5;12.23;966
4;12.6;967
3;12.65;967
5;12.17;967
3;12.6;968
4;12.6;968
5;12.15;968
5;12.13;969
4;12.55;969
3;12.55;970
5;12.13;970
4;12.55;970
5;12.12;971
3;12.55;971
4;12.53;971
4;12.5;972
3;12.53;972
5;12.1;972
3;12.5;973
5;12.08;973
4;12.45;973
2;12.5;974
5;12.07;974
4;12.43;974
4;12.4;975
5;12.07;975
3;12.43;975
5;12.03;976
4;12.38;976
3;12.38;977
4;12.37;977
5;12.02;977
4;12.33;978
3;12.37;978
5;12.0;978
3;12.33;979
4;12.33;979
5;12.0;979
5;12.0;980
4;12.3;980
5;11.97;981
4;12.3;981
4;12.27;982
5;11.95;982
3;12.27;983
4;12.27;983
5;11.93;983
5;11.9;984
4;12.25;984
5;11.9;985
3;12.25;985
4;12.23;985
4;12.22;986
5;11.87;986
4;12.22;987
5;11.87;987
4;12.17;988
5;11.83;988
2;12.2;988
4;12.17;989
3;12.17;989
5;11.83;989
3;12.17;990
5;11.82;990
4;12.1;990
5;11.8;991
4;12.05;991
3;12.15;991
4;12.0;992
5;11.8;992
3;12.07;992
3;12.0;993
4;11.97;993
5;11.77;993
4;11.92;994
3;11.97;994
5;11.75;994
5;11.7;995
4;11.92;995
3;11.95;995
5;11.7;996
4;11.9;996
3;11.93;996
5;11.67;997
3;11.92;997
4;11.87;997
5;11.67;998
4;11.85;998
3;11.87;998
5;11.63;999
4;11.83;999
3;11.87;999
3;11.83;1000
5;11.62;1000
4;11.8;1000
2;11.87;1000
5;11.6;1001
4;11.78;1001
3;11.8;1001
5;11.6;1002
4;11.77;1002
4;11.75;1003
5;11.58;1003
4;11.73;1004
5;11.57;1004
4;11.7;1005
5;11.53;1005
3;11.73;1005
4;11.67;1006
3;11.7;1006
5;11.53;1006
5;11.5;1007
4;11.67;1007
2;11.7;1007
3;11.67;1008
2;11.67;1008
4;11.65;1008
5;11.5;1008
5;11.47;1009
4;11.63;1009
4;11.63;1010
5;11.43;1010
4;11.6;1011
5;11.43;1011
4;11.6;1012
3;11.6;1012
5;11.38;1012
5;11.37;1013
4;11.57;1013
3;11.6;1013
5;11.33;1014
4;11.55;1014
5;11.33;1015
4;11.53;1015
5;11.27;1016
4;11.52;1016
5;11.27;1017
4;11.5;1017
4;11.5;1018
5;11.2;1018
5;11.18;1019
4;11.47;1019
3;11.5;1019
5;11.17;1020
3;11.47;1020
4;11.45;1020
5;11.17;1021
4;11.38;1021
3;11.43;1021
5;11.13;1022
3;11.4;1022
4;11.37;1022
5;11.13;1023
4;11.37;1023
4;11.33;1024
5;11.1;1024
4;11.33;1025
3;11.33;1025
5;11.08;1025
4;11.3;1026
5;11.05;1026
2;11.3;1027
5;11.03;1027
4;11.3;1027
5;11.0;1028
3;11.3;1028
4;11.27;1028
4;11.25;1029
5;11.0;1029
3;11.27;1029
4;11.2;1030
3;11.22;1030
5;10.93;1030
4;11.18;1031
5;10.93;1031
3;11.2;1031
3;11.18;1032
4;11.17;1032
5;10.87;1032
4;11.17;1033
5;10.87;1033
3;11.17;1033
5;10.85;1034
4;11.13;1034
3;11.17;1034
5;10.83;1035
4;11.13;1035
5;10.83;1036
4;11.1;1036
4;11.05;1037
5;10.8;1037
4;11.05;1038
5;10.8;1038
4;11.03;1039
5;10.77;1039
5;10.73;1040
4;11.0;1040
4;11.0;1041
5;10.72;1041
3;11.0;1042
5;10.72;1042
4;10.88;1042
4;10.87;1043
5;10.67;1043
3;10.93;1043
4;10.87;1044
5;10.67;1044
3;10.88;1044
4;10.83;1045
5;10.63;1045
3;10.87;1045
4;10.83;1046
5;10.6;1046
3;10.87;1046
4;10.8;1047
5;10.53;1047
3;10.83;1047
5;10.5;1048
4;10.77;1048
3;10.8;1048
4;10.72;1049
5;10.47;1049
4;10.67;1050
3;10.72;1050
5;10.43;1050
4;10.67;1051
5;10.42;1051
5;10.4;1052
3;10.67;1052
4;10.55;1052
4;10.53;1053
5;10.37;1053
3;10.6;1053
3;10.53;1054
4;10.52;1054
5;10.33;1054
4;10.5;1055
5;10.33;1055
5;10.23;1056
4;10.5;1056
3;10.5;1056
4;10.47;1057
5;10.23;1057
5;10.17;1058
4;10.47;1058
5;10.17;1059
4;10.45;1059
5;10.15;1060
4;10.43;1060
3;10.43;1060
4;10.4;1061
5;10.1;1061
4;10.4;1062
5;10.07;1062
3;10.4;1062
5;10.0;1063
4;10.37;1063
3;10.4;1063
5;9.95;1064
4;10.35;1064
4;10.33;1065
5;9.93;1065
4;10.33;1066
5;9.92;1066
5;9.9;1067
4;10.27;1067
3;10.33;1067
5;9.88;1068
4;10.25;1068
5;9.83;1069
4;10.22;1069
3;10.23;1069
5;9.83;1070
4;10.2;1070
4;10.17;1071
5;9.82;1071
5;9.8;1072
4;10.15;1072
3;10.17;1072
4;10.13;1073
5;9.77;1073
5;9.73;1074
4;10.08;1074
4;10.07;1075
5;9.7;1075
4;10.0;1076
5;9.67;1076
4;9.98;1077
5;9.63;1077
3;10.0;1077
5;9.6;1078
4;9.97;1078
4;9.95;1079
3;9.97;1079
5;9.57;1079
3;9.95;1080
5;9.53;1080
4;9.93;1080
5;9.5;1081
4;9.92;1081
3;9.93;1081
4;9.9;1082
5;9.4;1082
5;9.37;1083
4;9.88;1083
4;9.87;1084
3;9.88;1084
5;9.33;1084
4;9.83;1085
5;9.33;1085
3;9.83;1086
5;9.23;1086
4;9.83;1086
4;9.8;1087
5;9.17;1087
5;9.17;1088
4;9.78;1088
5;9.13;1089
4;9.75;1089
4;9.7;1090
3;9.75;1090
5;9.08;1090
4;9.67;1091
3;9.7;1091
5;9.05;1091
3;9.67;1092
4;9.67;1092
5;9.03;1092
4;9.6;1093
5;9.0;1093
3;9.67;1093
2;9.67;1094
3;9.62;1094
4;9.58;1094
5;8.97;1094
4;9.57;1095
5;8.92;1095
4;9.53;1096
5;8.92;1096
4;9.53;1097
5;8.87;1097
4;9.5;1098
3;9.53;1098
5;8.85;1098
4;9.47;1099
3;9.5;1099
5;8.83;1099
3;9.5;1100
4;9.47;1100
2;9.5;1100
5;8.83;1100
5;8.8;1101
4;9.45;1101
5;8.75;1102
4;9.42;1102
5;8.72;1103
3;9.42;1103
4;9.4;1103
5;8.68;1104
4;9.37;1104
4;9.33;1105
5;8.67;1105
5;8.67;1106
4;9.33;1106
3;9.33;1106
5;8.63;1107
3;9.3;1107
4;9.28;1107
4;9.27;1108
5;8.6;1108
4;9.23;1109
3;9.25;1109
5;8.55;1109
3;9.23;1110
4;9.2;1110
5;8.53;1110
5;8.5;1111
4;9.17;1111
3;9.2;1111
4;9.17;1112
5;8.47;1112
3;9.17;1112
3;9.17;1113
5;8.4;1113
4;9.03;1113
5;8.33;1114
2;9.17;1114
4;9.0;1114
3;9.1;1114
3;9.0;1115
5;8.33;1115
4;8.9;1115
5;8.3;1116
2;9.0;1116
4;8.87;1116
5;8.27;1117
4;8.83;1117
4;8.8;1118
3;8.83;1118
5;8.23;1118
3;8.8;1119
5;8.22;1119
4;8.77;1119
4;8.75;1120
5;8.22;1120
4;8.73;1121
5;8.17;1121
5;8.17;1122
4;8.72;1122
5;8.1;1123
4;8.67;1123
4;8.67;1124
3;8.67;1124
5;8.07;1124
3;8.67;1125
5;8.0;1125
4;8.6;1125
2;8.67;1125
5;7.97;1126
3;8.63;1126
4;8.58;1126
4;8.55;1127
5;7.93;1127
5;7.9;1128
4;8.53;1128
5;7.83;1129
4;8.52;1129
3;8.53;1129
4;8.5;1130
5;7.83;1130
5;7.67;1131
4;8.47;1131
4;8.43;1132
5;7.67;1132
3;8.47;1132
5;7.6;1133
4;8.42;1133
4;8.4;1134
5;7.5;1134
5;7.33;1135
4;8.37;1135
5;7.3;1136
4;8.35;1136
3;8.37;1136
5;7.2;1137
4;8.33;1137
2;8.37;1137
5;7.17;1138
4;8.33;1138
4;8.3;1139
5;7.17;1139
3;8.33;1139
4;8.27;1140
5;7.0;1140
3;8.3;1140
3;8.27;1141
4;8.25;1141
5;6.92;1141
5;6.9;1142
3;8.25;1142
4;8.23;1142
4;8.22;1143
5;6.87;1143
4;8.22;1144
5;6.8;1144
3;8.22;1145
5;6.75;1145
4;8.2;1145
5;6.67;1146
4;8.17;1146
3;8.2;1146
5;6.67;1147
3;8.17;1147
4;8.15;1147
2;8.2;1147
5;6.57;1148
4;8.1;1148
5;6.5;1149
4;8.08;1149
3;8.1;1149
5;6.45;1150
4;8.07;1150
4;8.05;1151
3;8.07;1151
5;6.43;1151
5;6.4;1152
3;8.05;1152
4;8.03;1152
5;6.37;1153
4;8.0;1153
3;8.03;1153
3;8.0;1154
5;6.33;1154
4;7.98;1154
5;6.33;1155
4;7.97;1155
5;6.2;1156
4;7.93;1156
5;6.17;1157
4;7.92;1157
5;6.0;1158
3;7.92;1158
4;7.9;1158
5;5.83;1159
4;7.88;1159
3;7.9;1159
5;5.83;1160
4;7.87;1160
5;5.8;1161
4;7.83;1161
4;7.83;1162
3;7.83;1162
5;5.7;1162
5;5.67;1163
4;7.8;1163
5;5.67;1164
3;7.8;1164
4;7.73;1164
5;5.6;1165
3;7.75;1165
4;7.73;1165
5;5.5;1166
4;7.72;1166
3;7.73;1166
5;5.47;1167
3;7.72;1167
4;7.7;1167
5;5.35;1168
4;7.67;1168
4;7.67;1169
3;7.67;1169
5;5.33;1169
5;5.33;1170
4;7.63;1170
3;7.67;1170
5;5.25;1171
4;7.6;1171
5;5.2;1172
4;7.6;1172
5;5.17;1173
3;7.6;1173
4;7.57;1173
5;5.1;1174
3;7.55;1174
4;7.5;1174
5;5.05;1175
4;7.47;1175
3;7.5;1175
5;5.0;1176
4;7.33;1176
3;7.47;1176
5;4.9;1177
4;7.33;1177
3;7.33;1177
5;4.8;1178
3;7.33;1178
2;7.33;1178
4;7.3;1178
5;4.73;1179
2;7.33;1179
3;7.33;1179
4;7.25;1179
5;4.67;1180
3;7.3;1180
4;7.2;1180
5;4.5;1181
3;7.2;1181
4;7.17;1181
4;7.17;1182
5;4.4;1182
2;7.2;1182
4;7.0;1183
5;4.33;1183
3;7.17;1183
5;3.67;1184
4;6.9;1184
3;7.07;1184
5;3.5;1185
3;7.0;1185
4;6.83;1185
5;3.33;1186
3;6.83;1186
4;6.83;1186
2;7.0;1186
4;6.8;1187
3;6.83;1187
5;3.25;1187
3;6.8;1188
4;6.75;1188
5;3.2;1188
5;3.17;1189
3;6.75;1189
4;6.7;1189
4;6.67;1190
5;3.0;1190
5;2.83;1191
3;6.67;1191
4;6.67;1191
5;2.67;1192
4;6.57;1192
3;6.67;1192
5;2.5;1193
4;6.5;1193
3;6.5;1194
4;6.45;1194
5;2.33;1194
5;0.0;1195
2;6.5;1195
3;6.45;1195
4;6.43;1195
3;6.43;1196
4;6.42;1196
4;6.37;1197
3;6.4;1197
3;6.37;1198
4;6.33;1198
4;6.33;1199
3;6.33;1199
3;6.33;1200
4;6.25;1200
4;6.2;1201
3;6.25;1201
3;6.2;1202
4;6.17;1202
4;6.17;1203
3;6.17;1204
4;6.08;1204
2;6.17;1205
4;6.03;1205
4;6.0;1206
3;6.0;1207
4;5.92;1207
2;6.0;1208
4;5.87;1208
3;5.92;1208
4;5.83;1209
3;5.87;1209
4;5.83;1210
3;5.83;1210
4;5.8;1211
3;5.83;1211
2;5.83;1212
3;5.75;1212
4;5.7;1212
4;5.67;1213
3;5.7;1213
4;5.67;1214
3;5.67;1214
2;5.7;1214
4;5.6;1215
3;5.67;1215
2;5.67;1216
4;5.58;1216
4;5.53;1217
4;5.5;1218
4;5.47;1219
3;5.5;1219
3;5.47;1220
4;5.35;1220
2;5.5;1220
4;5.33;1221
4;5.33;1222
3;5.33;1222
3;5.33;1223
4;5.25;1223
4;5.2;1224
3;5.25;1224
4;5.17;1225
4;5.17;1226
4;5.1;1227
3;5.17;1227
3;5.1;1228
4;5.05;1228
4;5.0;1229
3;5.05;1229
4;4.9;1230
3;5.0;1230
4;4.8;1231
3;4.9;1231
4;4.73;1232
3;4.8;1232
3;4.73;1233
4;4.67;1233
4;4.5;1234
3;4.67;1234
3;4.5;1235
4;4.4;1235
2;4.67;1235
3;4.4;1236
4;4.33;1236
4;4.0;1237
3;4.33;1237
4;3.67;1238
3;4.0;1238
4;3.5;1239
3;3.5;1240
4;3.33;1240
3;3.33;1241
4;3.25;1241
2;3.33;1242
4;3.2;1242
3;3.25;1242
4;3.17;1243
3;3.2;1243
4;3.0;1244
3;3.17;1244
4;2.83;1245
3;3.0;1245
2;3.17;1245
4;2.67;1246
3;2.83;1246
2;3.0;1246
3;2.67;1247
4;2.5;1247
4;2.33;1248
3;2.5;1248
2;2.67;1248
4;0.0;1249
3;2.33;1249
2;2.5;1249
3;0.0;1250
2;0.0;1251
